{"mean":{"confidence_interval":{"confidence_level":0.95,"lower_bound":-0.04808400511097749,"upper_bound":-0.020779075006480668},"point_estimate":-0.03198373366881846,"standard_error":0.007309975989317185},"median":{"confidence_interval":{"confidence_level":0.95,"lower_bound":-0.0341734739978693,"upper_bound":-0.030036537838281863},"point_estimate":-0.03314569804728784,"standard_error":0.0019651458157099503}}