{"mean":{"confidence_interval":{"confidence_level":0.95,"lower_bound":76050.0708709031,"upper_bound":76623.2925702972},"point_estimate":76303.06528636749,"standard_error":147.0538683274762},"median":{"confidence_interval":{"confidence_level":0.95,"lower_bound":75955.44923076923,"upper_bound":76061.01500938086},"point_estimate":76012.11096479792,"standard_error":26.149070225162696},"median_abs_dev":{"confidence_interval":{"confidence_level":0.95,"lower_bound":182.38472540253673,"upper_bound":333.3919928976632},"point_estimate":253.73674904916263,"standard_error":40.7640396758228},"slope":{"confidence_interval":{"confidence_level":0.95,"lower_bound":76029.58774328703,"upper_bound":76844.39129862479},"point_estimate":76356.22486114742,"standard_error":216.28826515828442},"std_dev":{"confidence_interval":{"confidence_level":0.95,"lower_bound":525.8356033346085,"upper_bound":2155.8417817818777},"point_estimate":1479.1018137952863,"standard_error":404.47806923616366}}