{"mean":{"confidence_interval":{"confidence_level":0.95,"lower_bound":0.0025507691700226366,"upper_bound":0.02375320828908678},"point_estimate":0.01326338188587961,"standard_error":0.005451480651278488},"median":{"confidence_interval":{"confidence_level":0.95,"lower_bound":-0.007340531571333964,"upper_bound":0.0025128844273315074},"point_estimate":-0.001995347219312049,"standard_error":0.00240675210474877}}