{"mean":{"confidence_interval":{"confidence_level":0.95,"lower_bound":0.027838910479992724,"upper_bound":0.051531382618940705},"point_estimate":0.03967661951343149,"standard_error":0.006060566782961208},"median":{"confidence_interval":{"confidence_level":0.95,"lower_bound":0.04291318233450436,"upper_bound":0.07356156831239202},"point_estimate":0.06826735125683392,"standard_error":0.006823858472172127}}