{"mean":{"confidence_interval":{"confidence_level":0.95,"lower_bound":6749515.87209375,"upper_bound":6795706.67709375},"point_estimate":6770431.925,"standard_error":11841.33097557339},"median":{"confidence_interval":{"confidence_level":0.95,"lower_bound":6738432.25,"upper_bound":6759291.75},"point_estimate":6748937.5625,"standard_error":4656.870222906281},"median_abs_dev":{"confidence_interval":{"confidence_level":0.95,"lower_bound":30748.47481660545,"upper_bound":52640.08271545172},"point_estimate":39914.37116637826,"standard_error":5694.408818730737},"slope":null,"std_dev":{"confidence_interval":{"confidence_level":0.95,"lower_bound":55897.24484106014,"upper_bound":165687.52611135234},"point_estimate":119148.5791292968,"standard_error":27055.542548471625}}