{"mean":{"confidence_interval":{"confidence_level":0.95,"lower_bound":3572040.1199999987,"upper_bound":3603850.162982142},"point_estimate":3586113.3049999983,"standard_error":8177.886355609304},"median":{"confidence_interval":{"confidence_level":0.95,"lower_bound":3564404.785714286,"upper_bound":3582833.3571428573},"point_estimate":3570605.678571428,"standard_error":5258.640723365844},"median_abs_dev":{"confidence_interval":{"confidence_level":0.95,"lower_bound":26369.09953185495,"upper_bound":52005.79467671303},"point_estimate":41199.4411685642,"standard_error":6324.730798805463},"slope":null,"std_dev":{"confidence_interval":{"confidence_level":0.95,"lower_bound":36818.7156657096,"upper_bound":119214.36704466016},"point_estimate":81965.10019784507,"standard_error":22356.305010956043}}