{"mean":{"confidence_interval":{"confidence_level":0.95,"lower_bound":11242545.1472,"upper_bound":11324911.084149998},"point_estimate":11276528.417999998,"standard_error":21471.801293874207},"median":{"confidence_interval":{"confidence_level":0.95,"lower_bound":11228875.0,"upper_bound":11251083.2},"point_estimate":11242620.8,"standard_error":5816.53379256439},"median_abs_dev":{"confidence_interval":{"confidence_level":0.95,"lower_bound":28039.672002196312,"upper_bound":47412.21281826441},"point_estimate":35779.881684779015,"standard_error":5065.1568035179325},"slope":null,"std_dev":{"confidence_interval":{"confidence_level":0.95,"lower_bound":44371.20252365655,"upper_bound":346261.8947127882},"point_estimate":215793.96137428712,"standard_error":81860.85567857469}}