{"mean":{"confidence_interval":{"confidence_level":0.95,"lower_bound":3451318.657650001,"upper_bound":3480396.540033334},"point_estimate":3464680.7199999993,"standard_error":7434.383107564775},"median":{"confidence_interval":{"confidence_level":0.95,"lower_bound":3444616.6666666665,"upper_bound":3465386.0999999996},"point_estimate":3451320.866666666,"standard_error":5050.459108541616},"median_abs_dev":{"confidence_interval":{"confidence_level":0.95,"lower_bound":27063.676439523628,"upper_bound":44158.79543602425},"point_estimate":33545.8012044439,"standard_error":4282.009790228287},"slope":null,"std_dev":{"confidence_interval":{"confidence_level":0.95,"lower_bound":44941.24661196948,"upper_bound":100708.54217124116},"point_estimate":75002.42842025809,"standard_error":14290.113969806353}}