{"mean":{"confidence_interval":{"confidence_level":0.95,"lower_bound":-0.011578489679724448,"upper_bound":0.005188214260211132},"point_estimate":-0.0025533735648812783,"standard_error":0.004297435360673287},"median":{"confidence_interval":{"confidence_level":0.95,"lower_bound":-0.003316919636659973,"upper_bound":0.004751079768811728},"point_estimate":0.00021609389225840658,"standard_error":0.0019918417574867095}}