{"mean":{"confidence_interval":{"confidence_level":0.95,"lower_bound":-0.050848373619373353,"upper_bound":0.03012124779821851},"point_estimate":-0.011028885001093447,"standard_error":0.020770046037236117},"median":{"confidence_interval":{"confidence_level":0.95,"lower_bound":-0.018555126115716858,"upper_bound":0.003906459822741848},"point_estimate":-0.007867092547738319,"standard_error":0.005782780070919992}}