{"mean":{"confidence_interval":{"confidence_level":0.95,"lower_bound":8340891.461291668,"upper_bound":8401442.405166669},"point_estimate":8369227.356666668,"standard_error":15462.196085110432},"median":{"confidence_interval":{"confidence_level":0.95,"lower_bound":8326132.0,"upper_bound":8364875.0},"point_estimate":8345854.166666666,"standard_error":9433.617043225899},"median_abs_dev":{"confidence_interval":{"confidence_level":0.95,"lower_bound":56555.01149594876,"upper_bound":105001.93083584262},"point_estimate":76132.62059837441,"standard_error":12846.74941837078},"slope":null,"std_dev":{"confidence_interval":{"confidence_level":0.95,"lower_bound":98726.71811725874,"upper_bound":212078.36730125034},"point_estimate":155220.9199752337,"standard_error":29887.13911230415}}