{"mean":{"confidence_interval":{"confidence_level":0.95,"lower_bound":8348907.2732500015,"upper_bound":8425532.597916668},"point_estimate":8383110.5616666665,"standard_error":19770.738081099582},"median":{"confidence_interval":{"confidence_level":0.95,"lower_bound":8331093.75,"upper_bound":8372069.333333333},"point_estimate":8351291.666666667,"standard_error":10016.763186870368},"median_abs_dev":{"confidence_interval":{"confidence_level":0.95,"lower_bound":55129.24452126003,"upper_bound":95478.32635492155},"point_estimate":71726.08637660765,"standard_error":10487.05236677047},"slope":null,"std_dev":{"confidence_interval":{"confidence_level":0.95,"lower_bound":92935.05582790407,"upper_bound":285592.11256398394},"point_estimate":198935.17564012756,"standard_error":50417.65802315948}}