{"mean":{"confidence_interval":{"confidence_level":0.95,"lower_bound":-0.002937752950716671,"upper_bound":0.007102456900006966},"point_estimate":0.0021362230185208997,"standard_error":0.0025758632329799473},"median":{"confidence_interval":{"confidence_level":0.95,"lower_bound":-0.0018890594074761902,"upper_bound":0.004359917854103612},"point_estimate":0.0007227768411963709,"standard_error":0.00158187970576171}}