{"mean":{"confidence_interval":{"confidence_level":0.95,"lower_bound":-0.05754186319559951,"upper_bound":0.007534943907233383},"point_estimate":-0.02299648338217064,"standard_error":0.016611046817070582},"median":{"confidence_interval":{"confidence_level":0.95,"lower_bound":-0.005837010330640213,"upper_bound":0.01809920182974567},"point_estimate":0.007061226309246438,"standard_error":0.0060054965920899655}}