{"mean":{"confidence_interval":{"confidence_level":0.95,"lower_bound":0.7726848546953851,"upper_bound":0.7829244713121024},"point_estimate":0.7777878988449303,"standard_error":0.002616688416205356},"median":{"confidence_interval":{"confidence_level":0.95,"lower_bound":0.7747937552183661,"upper_bound":0.7835037933535274},"point_estimate":0.7807475650717417,"standard_error":0.0018487220779775057}}