{"mean":{"confidence_interval":{"confidence_level":0.95,"lower_bound":-0.03685179061367496,"upper_bound":0.02232215974061864},"point_estimate":-0.00766843357566116,"standard_error":0.015013496139168622},"median":{"confidence_interval":{"confidence_level":0.95,"lower_bound":-0.014188373258411602,"upper_bound":0.001424194415425628},"point_estimate":-0.004626660469771338,"standard_error":0.004132615799620186}}