{"mean":{"confidence_interval":{"confidence_level":0.95,"lower_bound":0.015682809709115172,"upper_bound":0.030333337725799478},"point_estimate":0.02341738281797756,"standard_error":0.0037348008187157835},"median":{"confidence_interval":{"confidence_level":0.95,"lower_bound":0.02412475501225697,"upper_bound":0.031944045806689525},"point_estimate":0.028661922835541365,"standard_error":0.0019375820127655562}}