{"mean":{"confidence_interval":{"confidence_level":0.95,"lower_bound":-0.05495105401107796,"upper_bound":-0.029788626303659325},"point_estimate":-0.04273905325664484,"standard_error":0.006426016379004566},"median":{"confidence_interval":{"confidence_level":0.95,"lower_bound":-0.06638229920468885,"upper_bound":-0.029123726726830168},"point_estimate":-0.050618824503286586,"standard_error":0.011605953753016604}}