{"mean":{"confidence_interval":{"confidence_level":0.95,"lower_bound":11036761.600249996,"upper_bound":11553197.046555554},"point_estimate":11273768.294444444,"standard_error":132659.0749045955},"median":{"confidence_interval":{"confidence_level":0.95,"lower_bound":10826842.555555556,"upper_bound":10931233.833333334},"point_estimate":10871972.277777778,"standard_error":27813.50456887414},"median_abs_dev":{"confidence_interval":{"confidence_level":0.95,"lower_bound":205933.795277277,"upper_bound":351015.83960155584},"point_estimate":265642.8734838953,"standard_error":37317.32325559612},"slope":null,"std_dev":{"confidence_interval":{"confidence_level":0.95,"lower_bound":798999.6490939116,"upper_bound":1752364.6016028144},"point_estimate":1334208.8441584662,"standard_error":243820.81412928042}}