{"mean":{"confidence_interval":{"confidence_level":0.95,"lower_bound":130654973.975,"upper_bound":136938755.05},"point_estimate":133557317.94,"standard_error":1610406.0938977478},"median":{"confidence_interval":{"confidence_level":0.95,"lower_bound":127405500.0,"upper_bound":129050520.5},"point_estimate":128263229.0,"standard_error":467656.8192054956},"median_abs_dev":{"confidence_interval":{"confidence_level":0.95,"lower_bound":3040781.4114153385,"upper_bound":6275939.870744773},"point_estimate":4166538.103929162,"standard_error":827991.6991872746},"slope":null,"std_dev":{"confidence_interval":{"confidence_level":0.95,"lower_bound":10438308.515828514,"upper_bound":21406552.475162808},"point_estimate":16139963.125785096,"standard_error":2837008.6953566135}}