{"mean":{"confidence_interval":{"confidence_level":0.95,"lower_bound":-0.03608176575044357,"upper_bound":-0.010393503520374936},"point_estimate":-0.021278362760646763,"standard_error":0.006758140100371781},"median":{"confidence_interval":{"confidence_level":0.95,"lower_bound":-0.029089953747800656,"upper_bound":-0.020911104036832828},"point_estimate":-0.024945420274152363,"standard_error":0.0024932884843368213}}