{"mean":{"confidence_interval":{"confidence_level":0.95,"lower_bound":-0.3185184739790364,"upper_bound":-0.2396745373694429},"point_estimate":-0.2792773615865902,"standard_error":0.020178923017741587},"median":{"confidence_interval":{"confidence_level":0.95,"lower_bound":-0.2915783487046284,"upper_bound":-0.18432549957184952},"point_estimate":-0.26534601186063245,"standard_error":0.027769530910261013}}