{"mean":{"confidence_interval":{"confidence_level":0.95,"lower_bound":-0.0030852457982120233,"upper_bound":0.009633458104581315},"point_estimate":0.002283467863738897,"standard_error":0.0032261515279997347},"median":{"confidence_interval":{"confidence_level":0.95,"lower_bound":-0.0016766699738876012,"upper_bound":0.0007278157061612056},"point_estimate":-0.0004878202032949641,"standard_error":0.0006349194663900754}}