{"mean":{"confidence_interval":{"confidence_level":0.95,"lower_bound":-0.053259944559401154,"upper_bound":-0.011185506596121303},"point_estimate":-0.02830000560236834,"standard_error":0.011173025583026646},"median":{"confidence_interval":{"confidence_level":0.95,"lower_bound":-0.038021776355247464,"upper_bound":-0.022400723642561404},"point_estimate":-0.026398253826972806,"standard_error":0.004014411403361187}}