{"mean":{"confidence_interval":{"confidence_level":0.95,"lower_bound":-0.02423902781792995,"upper_bound":0.04324471364233707},"point_estimate":0.00675093296605267,"standard_error":0.017063796959677476},"median":{"confidence_interval":{"confidence_level":0.95,"lower_bound":-0.020513640073780648,"upper_bound":0.0010290890777208041},"point_estimate":-0.007557850659493104,"standard_error":0.005407584855581019}}