{"mean":{"confidence_interval":{"confidence_level":0.95,"lower_bound":-0.1036574650557945,"upper_bound":-0.04038128525366088},"point_estimate":-0.06463009902687178,"standard_error":0.018076497285323657},"median":{"confidence_interval":{"confidence_level":0.95,"lower_bound":-0.06138087680711901,"upper_bound":-0.04666060783845016},"point_estimate":-0.050945826123938165,"standard_error":0.005004947601816585}}