{"mean":{"confidence_interval":{"confidence_level":0.95,"lower_bound":20385422.83025,"upper_bound":21228870.691650003},"point_estimate":20766769.92,"standard_error":212588.41067990774},"median":{"confidence_interval":{"confidence_level":0.95,"lower_bound":20164075.0,"upper_bound":20231262.5},"point_estimate":20192954.2,"standard_error":18253.621627585264},"median_abs_dev":{"confidence_interval":{"confidence_level":0.95,"lower_bound":73524.03412918645,"upper_bound":158656.72968328},"point_estimate":108334.91441666859,"standard_error":21934.749107495925},"slope":null,"std_dev":{"confidence_interval":{"confidence_level":0.95,"lower_bound":1018552.7335182904,"upper_bound":2895118.5226794016},"point_estimate":2134769.8693482312,"standard_error":462526.5763742493}}