{"mean":{"confidence_interval":{"confidence_level":0.95,"lower_bound":-0.032225802355489275,"upper_bound":0.03145358964588312},"point_estimate":-0.004918945511160344,"standard_error":0.016967286585567197},"median":{"confidence_interval":{"confidence_level":0.95,"lower_bound":-0.037217390088840285,"upper_bound":-0.024650226700443256},"point_estimate":-0.027621894110036682,"standard_error":0.0028444934896485388}}