{"mean":{"confidence_interval":{"confidence_level":0.95,"lower_bound":10894837.400722228,"upper_bound":11393618.881277783},"point_estimate":11120530.132222226,"standard_error":127813.29923848924},"median":{"confidence_interval":{"confidence_level":0.95,"lower_bound":10718611.111111112,"upper_bound":10811134.277777778},"point_estimate":10778365.722222222,"standard_error":24382.665201626307},"median_abs_dev":{"confidence_interval":{"confidence_level":0.95,"lower_bound":131714.675861598,"upper_bound":265022.09034241905},"point_estimate":203243.20579171088,"standard_error":35222.39622726204},"slope":null,"std_dev":{"confidence_interval":{"confidence_level":0.95,"lower_bound":667811.1687263678,"upper_bound":1721386.1298725042},"point_estimate":1284775.0005614597,"standard_error":261266.67070868093}}