{"mean":{"confidence_interval":{"confidence_level":0.95,"lower_bound":-0.04552491527002992,"upper_bound":0.023097938420608477},"point_estimate":-0.013865597788134232,"standard_error":0.01738352426655499},"median":{"confidence_interval":{"confidence_level":0.95,"lower_bound":-0.012535431625092075,"upper_bound":0.0005120046016091617},"point_estimate":-0.005180430043706941,"standard_error":0.003470616100054755}}