{"mean":{"confidence_interval":{"confidence_level":0.95,"lower_bound":-0.0040938541920069365,"upper_bound":0.06232074641886334},"point_estimate":0.028047642840032694,"standard_error":0.016962490345287306},"median":{"confidence_interval":{"confidence_level":0.95,"lower_bound":0.011574442239806304,"upper_bound":0.08254664991222005},"point_estimate":0.03848343051633485,"standard_error":0.01788243062215995}}