{"mean":{"confidence_interval":{"confidence_level":0.95,"lower_bound":-0.041826458930198616,"upper_bound":-0.014248556023929309},"point_estimate":-0.02663126024289786,"standard_error":0.007103578352488737},"median":{"confidence_interval":{"confidence_level":0.95,"lower_bound":-0.03840546453402726,"upper_bound":-0.022205835564519938},"point_estimate":-0.026194232664858652,"standard_error":0.004341486191996726}}