{"mean":{"confidence_interval":{"confidence_level":0.95,"lower_bound":3873890.403403845,"upper_bound":3907672.6786538474},"point_estimate":3888790.226153846,"standard_error":8711.388548203424},"median":{"confidence_interval":{"confidence_level":0.95,"lower_bound":3865953.5,"upper_bound":3886477.576923077},"point_estimate":3876123.384615385,"standard_error":5071.1729970147835},"median_abs_dev":{"confidence_interval":{"confidence_level":0.95,"lower_bound":31032.471118294434,"upper_bound":49667.213164384586},"point_estimate":37606.77558619232,"standard_error":4726.694650627927},"slope":null,"std_dev":{"confidence_interval":{"confidence_level":0.95,"lower_bound":39355.39231359033,"upper_bound":127798.72753594402},"point_estimate":87470.76378568407,"standard_error":23608.695694674323}}