{"mean":{"confidence_interval":{"confidence_level":0.95,"lower_bound":2387158.8360714274,"upper_bound":2400880.5235833325},"point_estimate":2393719.882380952,"standard_error":3490.7473385933727},"median":{"confidence_interval":{"confidence_level":0.95,"lower_bound":2382734.1428571427,"upper_bound":2399049.619047619},"point_estimate":2390510.904761905,"standard_error":4242.020657583148},"median_abs_dev":{"confidence_interval":{"confidence_level":0.95,"lower_bound":25863.109340837433,"upper_bound":37935.77972650482},"point_estimate":33345.29720800251,"standard_error":3027.5161130214783},"slope":null,"std_dev":{"confidence_interval":{"confidence_level":0.95,"lower_bound":25673.048039584613,"upper_bound":45395.83813919333},"point_estimate":35232.97440249886,"standard_error":5211.183564751915}}