{"mean":{"confidence_interval":{"confidence_level":0.95,"lower_bound":-0.002419241969827323,"upper_bound":0.00579038877666793},"point_estimate":0.0017404221689911736,"standard_error":0.0020842119170422202},"median":{"confidence_interval":{"confidence_level":0.95,"lower_bound":-0.0010189941133555507,"upper_bound":0.001662171663654514},"point_estimate":0.0004176729495473097,"standard_error":0.0007055584038499758}}