{"mean":{"confidence_interval":{"confidence_level":0.95,"lower_bound":3866690.4449807685,"upper_bound":3898141.519211538},"point_estimate":3880834.195384615,"standard_error":8054.923535230316},"median":{"confidence_interval":{"confidence_level":0.95,"lower_bound":3854698.6923076925,"upper_bound":3874516.0},"point_estimate":3864540.038461538,"standard_error":4232.371388887828},"median_abs_dev":{"confidence_interval":{"confidence_level":0.95,"lower_bound":31400.726142525327,"upper_bound":52185.63731198125},"point_estimate":42042.60066128708,"standard_error":5114.2358282593},"slope":null,"std_dev":{"confidence_interval":{"confidence_level":0.95,"lower_bound":39925.508217136994,"upper_bound":118589.26383331502},"point_estimate":81111.07362043625,"standard_error":21291.62710595953}}