{"mean":{"confidence_interval":{"confidence_level":0.95,"lower_bound":128719834.80175,"upper_bound":133936398.4625},"point_estimate":131127070.38,"standard_error":1337559.5075224815},"median":{"confidence_interval":{"confidence_level":0.95,"lower_bound":126915208.0,"upper_bound":128373375.0},"point_estimate":127473792.0,"standard_error":336550.08324975317},"median_abs_dev":{"confidence_interval":{"confidence_level":0.95,"lower_bound":2171421.851849556,"upper_bound":4405947.606378794},"point_estimate":3397222.907987237,"standard_error":596478.2815628627},"slope":null,"std_dev":{"confidence_interval":{"confidence_level":0.95,"lower_bound":8141185.949277032,"upper_bound":17602537.74838232},"point_estimate":13489557.780510621,"standard_error":2421994.564058174}}