{"mean":{"confidence_interval":{"confidence_level":0.95,"lower_bound":0.0019434408005474355,"upper_bound":0.0970654319454975},"point_estimate":0.04312064812136085,"standard_error":0.02475115132736113},"median":{"confidence_interval":{"confidence_level":0.95,"lower_bound":0.011419999257176183,"upper_bound":0.08206627097331198},"point_estimate":0.04842195464855692,"standard_error":0.01973765359064917}}