{"mean":{"confidence_interval":{"confidence_level":0.95,"lower_bound":-0.0016935542167102462,"upper_bound":0.003368010771639356},"point_estimate":0.0007440748513722895,"standard_error":0.0012902415767377003},"median":{"confidence_interval":{"confidence_level":0.95,"lower_bound":-0.0011036936928263685,"upper_bound":0.0012490307968828541},"point_estimate":0.00015196693307650833,"standard_error":0.0005834454849673626}}