{"mean":{"confidence_interval":{"confidence_level":0.95,"lower_bound":-0.05208960409173033,"upper_bound":0.04000658240831007},"point_estimate":-0.016213786499577054,"standard_error":0.024316788418890786},"median":{"confidence_interval":{"confidence_level":0.95,"lower_bound":-0.04068597375954264,"upper_bound":-0.027706717639710776},"point_estimate":-0.030575700474156475,"standard_error":0.0038399750043206053}}