{"mean":{"confidence_interval":{"confidence_level":0.95,"lower_bound":-0.010387937045667366,"upper_bound":0.0009280568906044952},"point_estimate":-0.004578353728727724,"standard_error":0.002837560889476281},"median":{"confidence_interval":{"confidence_level":0.95,"lower_bound":-0.017194699935387137,"upper_bound":0.0006191968063420372},"point_estimate":-0.004888734810828299,"standard_error":0.00436136271253238}}