{"mean":{"confidence_interval":{"confidence_level":0.95,"lower_bound":70606564.354,"upper_bound":72902221.497625},"point_estimate":71657311.87,"standard_error":587812.9948577237},"median":{"confidence_interval":{"confidence_level":0.95,"lower_bound":69740843.75,"upper_bound":70514052.25},"point_estimate":70060989.75,"standard_error":208113.56050974218},"median_abs_dev":{"confidence_interval":{"confidence_level":0.95,"lower_bound":1205678.4679949284,"upper_bound":2137200.4329258534},"point_estimate":1615770.809814334,"standard_error":234181.13249763934},"slope":null,"std_dev":{"confidence_interval":{"confidence_level":0.95,"lower_bound":3733004.7829864454,"upper_bound":7621169.074214871},"point_estimate":5916182.2643801505,"standard_error":995998.113316872}}