{"mean":{"confidence_interval":{"confidence_level":0.95,"lower_bound":-0.004475775925608734,"upper_bound":0.008857594763927988},"point_estimate":0.002133193902450481,"standard_error":0.0033527090928085284},"median":{"confidence_interval":{"confidence_level":0.95,"lower_bound":-0.0013465241486139146,"upper_bound":0.001293796275500414},"point_estimate":-0.0000304555995687128,"standard_error":0.0007376585764547064}}