{"mean":{"confidence_interval":{"confidence_level":0.95,"lower_bound":3871345.3530769246,"upper_bound":3923969.7526923073},"point_estimate":3894326.2515384634,"standard_error":13733.738090023218},"median":{"confidence_interval":{"confidence_level":0.95,"lower_bound":3858461.5384615385,"upper_bound":3878583.3846153845},"point_estimate":3867155.4615384615,"standard_error":5055.1234937816},"median_abs_dev":{"confidence_interval":{"confidence_level":0.95,"lower_bound":28592.335377192358,"upper_bound":47970.719632964945},"point_estimate":38172.21640692315,"standard_error":4925.258417262401},"slope":null,"std_dev":{"confidence_interval":{"confidence_level":0.95,"lower_bound":55319.61739261619,"upper_bound":209795.3993696099},"point_estimate":137317.1617216366,"standard_error":41958.214335915545}}