{"mean":{"confidence_interval":{"confidence_level":0.95,"lower_bound":4048409.7175199995,"upper_bound":4282424.7838699985},"point_estimate":4158840.2651999984,"standard_error":59696.71919654555},"median":{"confidence_interval":{"confidence_level":0.95,"lower_bound":3881650.8200000003,"upper_bound":3931325.0},"point_estimate":3900530.8200000003,"standard_error":13072.917056187263},"median_abs_dev":{"confidence_interval":{"confidence_level":0.95,"lower_bound":57020.82463967803,"upper_bound":123029.82266378435},"point_estimate":79548.87193572553,"standard_error":16946.479446009762},"slope":null,"std_dev":{"confidence_interval":{"confidence_level":0.95,"lower_bound":423823.8597014328,"upper_bound":750135.6310991258},"point_estimate":601777.5499802701,"standard_error":83163.71773369299}}