{"mean":{"confidence_interval":{"confidence_level":0.95,"lower_bound":8369286.065541667,"upper_bound":8422120.85020833},"point_estimate":8393911.385,"standard_error":13486.554154843645},"median":{"confidence_interval":{"confidence_level":0.95,"lower_bound":8369423.666666666,"upper_bound":8400166.666666666},"point_estimate":8378972.25,"standard_error":7298.668624873473},"median_abs_dev":{"confidence_interval":{"confidence_level":0.95,"lower_bound":51067.16769337608,"upper_bound":98103.8873583083},"point_estimate":79149.21734481958,"standard_error":11870.130370766372},"slope":null,"std_dev":{"confidence_interval":{"confidence_level":0.95,"lower_bound":83418.43629058686,"upper_bound":186635.3074486712},"point_estimate":135407.07376327648,"standard_error":27252.98437723032}}