{"mean":{"confidence_interval":{"confidence_level":0.95,"lower_bound":-0.06169533201074915,"upper_bound":-0.002842941507472996},"point_estimate":-0.0330942937590718,"standard_error":0.015000989352028307},"median":{"confidence_interval":{"confidence_level":0.95,"lower_bound":-0.019674392899131924,"upper_bound":0.005848399044077857},"point_estimate":-0.009475036858025199,"standard_error":0.007090650277802982}}