{"mean":{"confidence_interval":{"confidence_level":0.95,"lower_bound":-0.015480458607409153,"upper_bound":0.04379671568350887},"point_estimate":0.012691518283868053,"standard_error":0.015297500377928597},"median":{"confidence_interval":{"confidence_level":0.95,"lower_bound":-0.015243817384221536,"upper_bound":0.003529670973731358},"point_estimate":-0.0077301371792326545,"standard_error":0.004834339611825788}}