{"mean":{"confidence_interval":{"confidence_level":0.95,"lower_bound":-0.02024580683193289,"upper_bound":-0.00720365952177772},"point_estimate":-0.013873817110169773,"standard_error":0.003313880806306932},"median":{"confidence_interval":{"confidence_level":0.95,"lower_bound":-0.008025392445125346,"upper_bound":-0.001035460440460545},"point_estimate":-0.003176412835179776,"standard_error":0.001977256814363592}}