{"mean":{"confidence_interval":{"confidence_level":0.95,"lower_bound":-0.0053094148004042396,"upper_bound":0.003835224480083361},"point_estimate":-0.0008565184576445617,"standard_error":0.0023249593295935306},"median":{"confidence_interval":{"confidence_level":0.95,"lower_bound":-0.004868567417905645,"upper_bound":0.004126038915664765},"point_estimate":-0.000598069663295342,"standard_error":0.002337625005642489}}