{"mean":{"confidence_interval":{"confidence_level":0.95,"lower_bound":-0.029270624586568036,"upper_bound":0.05091898837863295},"point_estimate":0.005692391133832908,"standard_error":0.020626620334561745},"median":{"confidence_interval":{"confidence_level":0.95,"lower_bound":-0.036059569809668734,"upper_bound":-0.025486442646127205},"point_estimate":-0.027303682863633272,"standard_error":0.0029850473156156506}}