{"mean":{"confidence_interval":{"confidence_level":0.95,"lower_bound":-0.0620115013321351,"upper_bound":-0.03335951989525516},"point_estimate":-0.04557032760068758,"standard_error":0.007526824093108514},"median":{"confidence_interval":{"confidence_level":0.95,"lower_bound":-0.05291813232353759,"upper_bound":-0.0334864210101925},"point_estimate":-0.04309501882282363,"standard_error":0.005221188361169678}}