{"mean":{"confidence_interval":{"confidence_level":0.95,"lower_bound":-0.03031342203575527,"upper_bound":0.03769038025809375},"point_estimate":0.004600211265449294,"standard_error":0.01727977766062565},"median":{"confidence_interval":{"confidence_level":0.95,"lower_bound":-0.012656453340439633,"upper_bound":0.0072426605920829605},"point_estimate":-0.002083201961379566,"standard_error":0.005184562544221169}}