{"mean":{"confidence_interval":{"confidence_level":0.95,"lower_bound":3864981.60076923,"upper_bound":3900096.995980771},"point_estimate":3880776.05769231,"standard_error":9043.72277843323},"median":{"confidence_interval":{"confidence_level":0.95,"lower_bound":3859291.692307692,"upper_bound":3875275.6153846155},"point_estimate":3868759.653846154,"standard_error":3859.7467776653166},"median_abs_dev":{"confidence_interval":{"confidence_level":0.95,"lower_bound":29865.893031312895,"upper_bound":48918.67124690486},"point_estimate":39438.58487674852,"standard_error":5041.223433705727},"slope":null,"std_dev":{"confidence_interval":{"confidence_level":0.95,"lower_bound":41258.80846036667,"upper_bound":129210.14548305208},"point_estimate":90679.01815360034,"standard_error":21995.3784935059}}