{"mean":{"confidence_interval":{"confidence_level":0.95,"lower_bound":5635333.90238889,"upper_bound":5688520.748416666},"point_estimate":5657745.18222222,"standard_error":13748.432867394595},"median":{"confidence_interval":{"confidence_level":0.95,"lower_bound":5617361.111111111,"upper_bound":5631694.444444444},"point_estimate":5623680.5,"standard_error":3944.9467457828864},"median_abs_dev":{"confidence_interval":{"confidence_level":0.95,"lower_bound":17595.496487617493,"upper_bound":29343.206845720993},"point_estimate":21761.931880314838,"standard_error":2939.8949098770895},"slope":null,"std_dev":{"confidence_interval":{"confidence_level":0.95,"lower_bound":50590.03802905735,"upper_bound":216742.40291659473},"point_estimate":138369.4740783518,"standard_error":47711.86221389053}}