{"mean":{"confidence_interval":{"confidence_level":0.95,"lower_bound":2395798.015190476,"upper_bound":2414088.573809523},"point_estimate":2404340.1409523804,"standard_error":4670.898994456562},"median":{"confidence_interval":{"confidence_level":0.95,"lower_bound":2391809.523809524,"upper_bound":2402020.8095238097},"point_estimate":2396703.3809523806,"standard_error":2304.4243105801447},"median_abs_dev":{"confidence_interval":{"confidence_level":0.95,"lower_bound":21833.049612385967,"upper_bound":37870.96892765574},"point_estimate":30575.69455717288,"standard_error":4206.34920434782},"slope":null,"std_dev":{"confidence_interval":{"confidence_level":0.95,"lower_bound":31018.3592040068,"upper_bound":61292.545486025985},"point_estimate":47065.863149120916,"standard_error":7744.426102652005}}