{"mean":{"confidence_interval":{"confidence_level":0.95,"lower_bound":-0.01624037725383473,"upper_bound":0.06956815229349889},"point_estimate":0.028093539681718793,"standard_error":0.021837984445346008},"median":{"confidence_interval":{"confidence_level":0.95,"lower_bound":0.005868868555719331,"upper_bound":0.11331811038649686},"point_estimate":0.045725883735756145,"standard_error":0.029098448549633466}}