{"mean":{"confidence_interval":{"confidence_level":0.95,"lower_bound":0.019847655977037762,"upper_bound":0.10756412017985235},"point_estimate":0.06339126894111446,"standard_error":0.022486498843648325},"median":{"confidence_interval":{"confidence_level":0.95,"lower_bound":0.02579504006677724,"upper_bound":0.14168832942312348},"point_estimate":0.07190676451063771,"standard_error":0.030168282384078312}}