{"mean":{"confidence_interval":{"confidence_level":0.95,"lower_bound":-0.03759302999615627,"upper_bound":-0.026839304227145047},"point_estimate":-0.0323444857814309,"standard_error":0.0027043912704958067},"median":{"confidence_interval":{"confidence_level":0.95,"lower_bound":-0.03684448748590696,"upper_bound":-0.02888587187871261},"point_estimate":-0.03374811736316574,"standard_error":0.002026664870210161}}