{"mean":{"confidence_interval":{"confidence_level":0.95,"lower_bound":0.001277130155451632,"upper_bound":0.06429177277811897},"point_estimate":0.03286238726488944,"standard_error":0.016101389802552366},"median":{"confidence_interval":{"confidence_level":0.95,"lower_bound":0.0043963681654826114,"upper_bound":0.0806527684580015},"point_estimate":0.04230638318669633,"standard_error":0.0190362608384238}}