{"mean":{"confidence_interval":{"confidence_level":0.95,"lower_bound":-0.00408666797135992,"upper_bound":0.08404792741223335},"point_estimate":0.03972008259139126,"standard_error":0.022549955938363085},"median":{"confidence_interval":{"confidence_level":0.95,"lower_bound":0.0070170132530784635,"upper_bound":0.09122217203010097},"point_estimate":0.05474180032497755,"standard_error":0.020563538676763273}}