{"mean":{"confidence_interval":{"confidence_level":0.95,"lower_bound":-0.04834698085516255,"upper_bound":-0.025621408139497173},"point_estimate":-0.03468312942020646,"standard_error":0.006155232158856116},"median":{"confidence_interval":{"confidence_level":0.95,"lower_bound":-0.03707948131892147,"upper_bound":-0.03031589287688563},"point_estimate":-0.03308868496414008,"standard_error":0.00230509336422927}}