{"mean":{"confidence_interval":{"confidence_level":0.95,"lower_bound":0.03615300867370685,"upper_bound":0.1020460760705977},"point_estimate":0.06791313660097176,"standard_error":0.0168721919415113},"median":{"confidence_interval":{"confidence_level":0.95,"lower_bound":0.03812324720896232,"upper_bound":0.10911038151738106},"point_estimate":0.06366907831955504,"standard_error":0.01816564629280791}}