{"mean":{"confidence_interval":{"confidence_level":0.95,"lower_bound":-0.03906180190238979,"upper_bound":0.01629724519592837},"point_estimate":-0.010801577936832563,"standard_error":0.014108836339802458},"median":{"confidence_interval":{"confidence_level":0.95,"lower_bound":-0.012610070058407974,"upper_bound":0.00612168454517786},"point_estimate":-0.004242385651798353,"standard_error":0.0047516533298938325}}