{"mean":{"confidence_interval":{"confidence_level":0.95,"lower_bound":-0.017456865442234515,"upper_bound":0.07420994980770093},"point_estimate":0.029157261937707624,"standard_error":0.023272420830147276},"median":{"confidence_interval":{"confidence_level":0.95,"lower_bound":0.012685385904499746,"upper_bound":0.079389291570102},"point_estimate":0.04688801870401904,"standard_error":0.01731363699272614}}