{"mean":{"confidence_interval":{"confidence_level":0.95,"lower_bound":-0.016013303388966147,"upper_bound":0.049538809441505335},"point_estimate":0.015372722155054364,"standard_error":0.016689277471921664},"median":{"confidence_interval":{"confidence_level":0.95,"lower_bound":0.0007361614464049815,"upper_bound":0.020705664468074536},"point_estimate":0.008316935231402534,"standard_error":0.005258351324466171}}