{"mean":{"confidence_interval":{"confidence_level":0.95,"lower_bound":11069581.76402778,"upper_bound":11792643.839583334},"point_estimate":11394174.672222225,"standard_error":185033.52331331008},"median":{"confidence_interval":{"confidence_level":0.95,"lower_bound":10775453.722222222,"upper_bound":10916462.944444444},"point_estimate":10834801.0,"standard_error":37328.14596912305},"median_abs_dev":{"confidence_interval":{"confidence_level":0.95,"lower_bound":200185.3433459988,"upper_bound":389810.4565461483},"point_estimate":279700.06276766444,"standard_error":47369.81238006601},"slope":null,"std_dev":{"confidence_interval":{"confidence_level":0.95,"lower_bound":946720.4163218739,"upper_bound":2586343.1692398963},"point_estimate":1861135.5945815635,"standard_error":417189.8027532195}}