{"mean":{"confidence_interval":{"confidence_level":0.95,"lower_bound":-0.011582590509194364,"upper_bound":0.06930551042530032},"point_estimate":0.0265448036171394,"standard_error":0.02106751715788539},"median":{"confidence_interval":{"confidence_level":0.95,"lower_bound":-0.003869921027404466,"upper_bound":0.05755933762615739},"point_estimate":0.024140375221372246,"standard_error":0.015298077945186964}}