{"mean":{"confidence_interval":{"confidence_level":0.95,"lower_bound":-0.006561812276597079,"upper_bound":-0.002278230582269611},"point_estimate":-0.004408619719024176,"standard_error":0.0010935703655123113},"median":{"confidence_interval":{"confidence_level":0.95,"lower_bound":-0.004774889142677985,"upper_bound":-0.0029766894930456367},"point_estimate":-0.0036351356560683223,"standard_error":0.00044932599405902177}}