{"mean":{"confidence_interval":{"confidence_level":0.95,"lower_bound":-0.18057457752132194,"upper_bound":-0.16589322144120505},"point_estimate":-0.17326706752284793,"standard_error":0.003741522171849159},"median":{"confidence_interval":{"confidence_level":0.95,"lower_bound":-0.17123636931808772,"upper_bound":-0.1634136431223051},"point_estimate":-0.16683472403196453,"standard_error":0.0019444340811003167}}