{"mean":{"confidence_interval":{"confidence_level":0.95,"lower_bound":-0.06937787589082392,"upper_bound":-0.00858115655504894},"point_estimate":-0.03738071269095267,"standard_error":0.01547384944377523},"median":{"confidence_interval":{"confidence_level":0.95,"lower_bound":-0.031416497872598946,"upper_bound":-0.007271133177134348},"point_estimate":-0.02053865951337186,"standard_error":0.006360270396465508}}