{"mean":{"confidence_interval":{"confidence_level":0.95,"lower_bound":39666199.04533333,"upper_bound":41707487.909083344},"point_estimate":40573610.15333332,"standard_error":524547.1648685647},"median":{"confidence_interval":{"confidence_level":0.95,"lower_bound":38640153.0,"upper_bound":39298208.33333333},"point_estimate":38924507.0,"standard_error":180300.81541026075},"median_abs_dev":{"confidence_interval":{"confidence_level":0.95,"lower_bound":824459.5135629269,"upper_bound":1509410.3232026026},"point_estimate":1113545.9991306067,"standard_error":171150.9908942512},"slope":null,"std_dev":{"confidence_interval":{"confidence_level":0.95,"lower_bound":2810958.6376606743,"upper_bound":7691906.761240732},"point_estimate":5270816.480966002,"standard_error":1357649.3088045076}}