{"mean":{"confidence_interval":{"confidence_level":0.95,"lower_bound":-0.019803475311623454,"upper_bound":0.0214126810431839},"point_estimate":0.0008300814237240939,"standard_error":0.01054035023618451},"median":{"confidence_interval":{"confidence_level":0.95,"lower_bound":-0.010810543645627835,"upper_bound":0.006038817160011201},"point_estimate":-0.0031660449003895197,"standard_error":0.004327308324315568}}