{"mean":{"confidence_interval":{"confidence_level":0.95,"lower_bound":1789007.6998046353,"upper_bound":1813308.1257680526},"point_estimate":1799546.6427442634,"standard_error":6262.587978865978},"median":{"confidence_interval":{"confidence_level":0.95,"lower_bound":1778878.6231884058,"upper_bound":1788022.08},"point_estimate":1784347.8584084082,"standard_error":2330.7702536926313},"median_abs_dev":{"confidence_interval":{"confidence_level":0.95,"lower_bound":11885.294458993849,"upper_bound":22635.83643207612},"point_estimate":16972.994225137812,"standard_error":2644.2068990311623},"slope":{"confidence_interval":{"confidence_level":0.95,"lower_bound":1786317.6108703243,"upper_bound":1814518.8065039953},"point_estimate":1798377.6195522388,"standard_error":7298.718302455254},"std_dev":{"confidence_interval":{"confidence_level":0.95,"lower_bound":24901.513291932766,"upper_bound":96303.29627061276},"point_estimate":63096.85707783184,"standard_error":19196.446720325755}}