{"mean":{"confidence_interval":{"confidence_level":0.95,"lower_bound":214654268.75,"upper_bound":230766249.19625002},"point_estimate":222752495.9,"standard_error":4116535.642129769},"median":{"confidence_interval":{"confidence_level":0.95,"lower_bound":211815593.75,"upper_bound":235381812.5},"point_estimate":221603802.25,"standard_error":6016554.47131307},"median_abs_dev":{"confidence_interval":{"confidence_level":0.95,"lower_bound":3187311.9559139013,"upper_bound":23625848.824757338},"point_estimate":15530018.635337055,"standard_error":5137413.40481769},"slope":null,"std_dev":{"confidence_interval":{"confidence_level":0.95,"lower_bound":8128681.123564436,"upper_bound":17095217.277202755},"point_estimate":13744111.853538428,"standard_error":2315581.956938562}}