{"mean":{"confidence_interval":{"confidence_level":0.95,"lower_bound":43957016.280208334,"upper_bound":47403353.6175},"point_estimate":45338529.653769836,"standard_error":930185.051965612},"median":{"confidence_interval":{"confidence_level":0.95,"lower_bound":43618552.25,"upper_bound":45841512.5},"point_estimate":44535173.66666667,"standard_error":631693.9551012255},"median_abs_dev":{"confidence_interval":{"confidence_level":0.95,"lower_bound":48063.60547170411,"upper_bound":2595113.1566025317},"point_estimate":1362717.8046569321,"standard_error":616879.4633969818},"slope":{"confidence_interval":{"confidence_level":0.95,"lower_bound":43824592.049206346,"upper_bound":46409393.5185009},"point_estimate":44789546.64805195,"standard_error":658350.3483330337},"std_dev":{"confidence_interval":{"confidence_level":0.95,"lower_bound":706032.0166300879,"upper_bound":4676777.155339424},"point_estimate":3096893.128189178,"standard_error":1307560.280409237}}