{"mean":{"confidence_interval":{"confidence_level":0.95,"lower_bound":-0.03394743374966851,"upper_bound":0.02477843185592624},"point_estimate":-0.005125482245242896,"standard_error":0.014828470376344},"median":{"confidence_interval":{"confidence_level":0.95,"lower_bound":-0.00903199272665578,"upper_bound":-0.002352548280654787},"point_estimate":-0.0048105270615341755,"standard_error":0.001810082667595934}}