{"mean":{"confidence_interval":{"confidence_level":0.95,"lower_bound":-0.025252686855118393,"upper_bound":0.07539993564551715},"point_estimate":0.01484453554168419,"standard_error":0.02718126484995819},"median":{"confidence_interval":{"confidence_level":0.95,"lower_bound":-0.028656090991128425,"upper_bound":-0.014875983704169093},"point_estimate":-0.024239823800323856,"standard_error":0.0038819276323513534}}