{"mean":{"confidence_interval":{"confidence_level":0.95,"lower_bound":-0.01398149098278106,"upper_bound":0.06313400677021223},"point_estimate":0.025646419721079505,"standard_error":0.01960125703290289},"median":{"confidence_interval":{"confidence_level":0.95,"lower_bound":-0.003961567318992554,"upper_bound":0.011632718369144923},"point_estimate":0.0035481714753238247,"standard_error":0.003905669692300233}}