{"mean":{"confidence_interval":{"confidence_level":0.95,"lower_bound":6481333.105300002,"upper_bound":6749789.1159500005},"point_estimate":6603113.5239999965,"standard_error":68765.58688299348},"median":{"confidence_interval":{"confidence_level":0.95,"lower_bound":6378433.333333333,"upper_bound":6448797.2},"point_estimate":6414415.266666667,"standard_error":16893.011682357934},"median_abs_dev":{"confidence_interval":{"confidence_level":0.95,"lower_bound":100029.25098812609,"upper_bound":168511.97077481536},"point_estimate":137111.6362857817,"standard_error":17494.603538195035},"slope":null,"std_dev":{"confidence_interval":{"confidence_level":0.95,"lower_bound":371618.71186326636,"upper_bound":940343.8718067396},"point_estimate":691576.9253547658,"standard_error":144564.2356626672}}