{"mean":{"confidence_interval":{"confidence_level":0.95,"lower_bound":-0.00457987210629768,"upper_bound":0.006327047411695041},"point_estimate":0.000901017528069481,"standard_error":0.0028002914425151425},"median":{"confidence_interval":{"confidence_level":0.95,"lower_bound":-0.004992296724185552,"upper_bound":0.002259662310653887},"point_estimate":-0.00111758850067456,"standard_error":0.0018370108537717463}}