{"mean":{"confidence_interval":{"confidence_level":0.95,"lower_bound":-0.0278531850324583,"upper_bound":-0.006531132502175851},"point_estimate":-0.016349565139129107,"standard_error":0.0054228319862242025},"median":{"confidence_interval":{"confidence_level":0.95,"lower_bound":-0.025697018223443946,"upper_bound":-0.015404461352307108},"point_estimate":-0.022700196671655903,"standard_error":0.002944834273855203}}