{"mean":{"confidence_interval":{"confidence_level":0.95,"lower_bound":0.007479234329359394,"upper_bound":0.09922652316722197},"point_estimate":0.053089427839889236,"standard_error":0.02340550947553822},"median":{"confidence_interval":{"confidence_level":0.95,"lower_bound":0.042613019030825816,"upper_bound":0.12526420377502245},"point_estimate":0.07664384580997452,"standard_error":0.02128987032447782}}