{"mean":{"confidence_interval":{"confidence_level":0.95,"lower_bound":-0.012126876646092771,"upper_bound":0.05741880343552041},"point_estimate":0.023248142058022614,"standard_error":0.017656013119684406},"median":{"confidence_interval":{"confidence_level":0.95,"lower_bound":-0.0048250163095525656,"upper_bound":0.01670135436771636},"point_estimate":0.004062950976353008,"standard_error":0.005457957158354552}}