{"mean":{"confidence_interval":{"confidence_level":0.95,"lower_bound":-0.01986683572324698,"upper_bound":0.0009407662320005387},"point_estimate":-0.00777515371439641,"standard_error":0.005440332361782471},"median":{"confidence_interval":{"confidence_level":0.95,"lower_bound":-0.020179256722347994,"upper_bound":0.0016661822373855717},"point_estimate":-0.01024809218306666,"standard_error":0.0060288793762386115}}