{"mean":{"confidence_interval":{"confidence_level":0.95,"lower_bound":-0.001625820319499846,"upper_bound":0.007538668189322883},"point_estimate":0.002867652858830949,"standard_error":0.0023181278413560882},"median":{"confidence_interval":{"confidence_level":0.95,"lower_bound":-0.00038765463706769143,"upper_bound":0.0023002654043444704},"point_estimate":0.0009323380003172232,"standard_error":0.0006911124825928066}}